uid,iid,label
5,1199,1
5,25315,1
5,4322,1
5,3302,1
12,16945,1
12,11855,1
12,72,1
12,2098,1
15,25374,1
15,9581,1
15,506,1
15,1938,1
27,8394,1
27,3326,1
27,26825,1
27,3335,1
41,8372,1
41,2751,1
41,4328,1
41,4329,1
41,5488,1
57,25113,1
57,6486,1
57,1915,1
57,7247,1
57,27,1
78,11592,1
78,22632,1
78,13135,1
78,20652,1
81,11132,1
81,2750,1
81,22070,1
81,414,1
98,9152,1
98,11508,1
98,4283,1
98,13117,1
122,4599,1
122,1176,1
122,506,1
122,1938,1
122,4883,1
181,8734,1
181,6635,1
181,11579,1
181,594,1
190,320,1
190,3024,1
190,25142,1
190,1390,1
195,27,1
195,5514,1
195,2270,1
195,7932,1
195,2190,1
219,5121,1
219,12830,1
219,2094,1
219,3156,1
219,7932,1
249,21839,1
249,21840,1
249,21841,1
249,14866,1
249,9390,1
260,373,1
260,2184,1
260,8862,1
260,2126,1
266,23157,1
266,20960,1
266,23632,1
266,4113,1
268,5343,1
268,2664,1
268,1998,1
268,4233,1
268,9132,1
314,18398,1
314,4283,1
314,4074,1
314,1814,1
326,61,1
326,2853,1
326,8890,1
326,3321,1
357,25239,1
357,19476,1
357,16082,1
357,640,1
380,26219,1
380,18066,1
380,1994,1
380,596,1
380,17415,1
387,6725,1
387,6723,1
387,3331,1
387,6473,1
392,17346,1
392,23642,1
392,10590,1
392,10570,1
393,22103,1
393,10573,1
393,23690,1
393,3352,1
407,56,1
407,4269,1
407,76,1
407,4366,1
407,6358,1
411,9979,1
411,374,1
411,8680,1
411,22717,1
414,26583,1
414,6896,1
414,4410,1
414,6368,1
416,8221,1
416,3317,1
416,9793,1
416,12477,1
421,24673,1
421,619,1
421,1361,1
421,16732,1
425,14774,1
425,11601,1
425,24252,1
425,9267,1
444,12927,1
444,12928,1
444,24502,1
444,13748,1
444,13749,1
450,9034,1
450,6416,1
450,26,1
450,3251,1
455,9775,1
455,8309,1
455,9468,1
455,8076,1
455,9763,1
483,23699,1
483,23700,1
483,234,1
483,5779,1
487,18305,1
487,17394,1
487,18282,1
487,12402,1
494,10420,1
494,11889,1
494,11729,1
494,12241,1
502,21013,1
502,21157,1
502,29797,1
502,9086,1
507,21155,1
507,15210,1
507,14748,1
507,9159,1
507,9086,1
509,8062,1
509,347,1
509,9763,1
509,5650,1
511,17466,1
511,23583,1
511,17560,1
511,18103,1
522,173,1
522,198,1
522,197,1
522,171,1
525,20686,1
525,927,1
525,505,1
525,9268,1
527,25721,1
527,12391,1
527,7342,1
527,9583,1
534,15109,1
534,18822,1
534,23982,1
534,8263,1
550,9799,1
550,15478,1
550,23371,1
550,3817,1
556,16532,1
556,1915,1
556,6461,1
556,16547,1
561,20177,1
561,13449,1
561,15048,1
561,20176,1
575,22450,1
575,22451,1
575,16018,1
575,17626,1
589,14334,1
589,6506,1
589,14817,1
589,4755,1
589,14333,1
598,1207,1
598,22190,1
598,16075,1
598,17652,1
599,15035,1
599,15028,1
599,11309,1
599,15032,1
599,15033,1
602,14973,1
602,15028,1
602,1319,1
602,25036,1
602,15031,1
606,9487,1
606,9475,1
606,30333,1
606,9766,1
606,6097,1
609,13392,1
609,22654,1
609,10639,1
609,22899,1
613,9780,1
613,824,1
613,438,1
613,598,1
640,14889,1
640,14620,1
640,3073,1
640,29359,1
652,17044,1
652,16762,1
652,1198,1
652,26080,1
652,20360,1
659,321,1
659,1512,1
659,7224,1
659,25,1
659,24993,1
675,6554,1
675,6555,1
675,30040,1
675,11508,1
675,8910,1
685,12537,1
685,5494,1
685,8277,1
685,23624,1
686,9487,1
686,16576,1
686,18290,1
686,26226,1
691,23513,1
691,1669,1
691,270,1
691,8883,1
691,22779,1
699,20307,1
699,11134,1
699,11143,1
699,8256,1
699,19875,1
707,7596,1
707,18370,1
707,7600,1
707,21332,1
720,6924,1
720,6608,1
720,6974,1
720,29434,1
729,9598,1
729,12391,1
729,7350,1
729,8703,1
730,19683,1
730,12676,1
730,82,1
730,29378,1
733,4471,1
733,4530,1
733,33,1
733,4338,1
733,3259,1
734,5607,1
734,23857,1
734,19427,1
734,27196,1
735,12438,1
735,17260,1
735,6988,1
735,5897,1
743,26698,1
743,2868,1
743,9924,1
771,6471,1
771,20304,1
771,16181,1
771,26292,1
777,26822,1
777,18799,1
777,11563,1
777,16995,1
780,4258,1
780,72,1
780,22115,1
780,5820,1
784,640,1
784,12727,1
784,5119,1
784,2800,1
790,18130,1
790,23753,1
790,23640,1
790,10571,1
797,19513,1
797,3524,1
797,26685,1
797,593,1
797,22950,1
799,12685,1
799,640,1
799,239,1
799,27,1
799,83,1
801,15117,1
801,3280,1
801,4396,1
801,25185,1
801,7844,1
811,19927,1
811,5987,1
811,29963,1
811,27665,1
811,17067,1
830,23440,1
830,21288,1
830,25353,1
830,18278,1
833,5052,1
833,8888,1
833,2517,1
833,26,1
834,570,1
834,26936,1
835,28793,1
835,28660,1
835,5944,1
835,14436,1
838,1696,1
838,10893,1
838,27,1
838,2814,1
842,7288,1
842,7286,1
842,7307,1
842,21709,1
845,9710,1
845,5526,1
845,21882,1
845,13940,1
852,21064,1
852,444,1
852,1520,1
852,448,1
852,3423,1
854,1239,1
854,23430,1
854,9793,1
854,18417,1
856,6432,1
856,951,1
856,24401,1
856,603,1
857,28555,1
857,5606,1
857,17379,1
857,27124,1
861,801,1
861,16943,1
861,4112,1
861,24526,1
865,17023,1
865,22014,1
865,18589,1
865,5666,1
867,6234,1
867,1812,1
867,6249,1
867,27,1
867,645,1
878,6582,1
878,5055,1
878,7244,1
878,6697,1
878,8028,1
886,14056,1
886,12606,1
886,385,1
886,1068,1
886,1069,1
890,2749,1
890,12519,1
890,15397,1
890,448,1
890,8732,1
902,15059,1
902,18077,1
902,27421,1
903,7238,1
903,504,1
903,7633,1
903,7242,1
903,7236,1
908,27505,1
908,1915,1
908,25316,1
908,26964,1
909,1906,1
909,8998,1
909,508,1
909,603,1
909,600,1
911,11724,1
911,22888,1
911,17766,1
911,25024,1
923,10723,1
923,2657,1
923,2658,1
923,18077,1
924,20127,1
924,2455,1
924,14106,1
924,27,1
926,12723,1
926,12746,1
926,25466,1
926,4138,1
926,21077,1
927,5407,1
927,5377,1
927,20041,1
927,781,1
946,454,1
946,17422,1
946,12659,1
946,21654,1
953,9328,1
953,3919,1
953,1394,1
953,1395,1
953,333,1
956,12754,1
956,22824,1
956,2325,1
956,1939,1
956,85,1
962,8440,1
962,5320,1
962,26466,1
962,4710,1
970,7401,1
970,25719,1
970,26794,1
970,29632,1
970,7386,1
976,3435,1
976,799,1
976,28509,1
976,24662,1
976,621,1
982,26612,1
982,12378,1
982,22626,1
982,22627,1
984,547,1
984,20665,1
984,8437,1
984,9753,1
985,29307,1
985,25898,1
985,20629,1
985,20026,1
993,24567,1
993,15619,1
993,18926,1
993,23221,1
997,640,1
997,6461,1
997,18026,1
997,27,1
997,13244,1
1008,22150,1
1008,20325,1
1008,5170,1
1008,594,1
1008,24651,1
1008,4135,1
1011,14056,1
1011,12606,1
1011,385,1
1011,1069,1
1011,392,1
1012,279,1
1012,26676,1
1012,25430,1
1012,2393,1
1017,23131,1
1017,18825,1
1017,18844,1
1017,25078,1
1017,28591,1
1028,5781,1
1028,118,1
1028,89,1
1028,8959,1
1043,14001,1
1043,11672,1
1043,13944,1
1045,12154,1
1045,26817,1
1045,8261,1
1045,18963,1
1049,24,1
1049,324,1
1049,17,1
1049,1541,1
1049,508,1
1054,1302,1
1054,72,1
1054,5688,1
1054,645,1
1058,6799,1
1058,3261,1
1058,3301,1
1058,8732,1
1067,13038,1
1067,13046,1
1067,13040,1
1067,13039,1
1075,15456,1
1075,15735,1
1075,24051,1
1075,24049,1
1079,26465,1
1079,14976,1
1079,10673,1
1079,13503,1
1081,9546,1
1081,12752,1
1081,19668,1
1081,24048,1
1081,15120,1
1083,7238,1
1083,23177,1
1083,7239,1
1083,9267,1
1083,14299,1
1095,19302,1
1095,17064,1
1095,21725,1
1095,30744,1
1095,28709,1
1103,9541,1
1103,4151,1
1103,23715,1
1103,11309,1
1106,2598,1
1106,1203,1
1106,11843,1
1106,19506,1
1106,3988,1
1109,19084,1
1109,3839,1
1109,23473,1
1109,17738,1
1112,23408,1
1112,16701,1
1112,23345,1
1112,10727,1
1126,14266,1
1126,2156,1
1126,20516,1
1126,20922,1
1126,20577,1
1127,9616,1
1127,21885,1
1127,7418,1
1127,17232,1
1130,5049,1
1130,1997,1
1130,2460,1
1130,1994,1
1130,43,1
1144,11746,1
1144,8530,1
1144,3988,1
1154,18120,1
1154,24630,1
1154,17001,1
1154,414,1
1166,23320,1
1166,28506,1
1166,5712,1
1166,2192,1
1176,20016,1
1176,8083,1
1176,8297,1
1176,9467,1
1200,646,1
1200,2459,1
1200,651,1
1200,3198,1
1205,1277,1
1205,27440,1
1205,17867,1
1205,17748,1
1216,1046,1
1216,23831,1
1216,3911,1
1216,17836,1
1222,5707,1
1222,5751,1
1222,16734,1
1222,14329,1
1232,8143,1
1232,5089,1
1232,22525,1
1232,1523,1
1235,18204,1
1235,384,1
1235,27,1
1235,13862,1
1255,1915,1
1255,72,1
1255,14061,1
1255,13999,1
1256,30942,1
1256,11134,1
1256,27415,1
1256,5029,1
1260,1061,1
1260,2104,1
1260,9986,1
1260,4860,1
1261,1239,1
1261,20474,1
1261,20410,1
1261,3505,1
1261,3499,1
1267,11724,1
1267,5617,1
1267,18140,1
1267,7666,1
1277,5757,1
1277,2432,1
1277,72,1
1277,4790,1
1293,21840,1
1293,8191,1
1293,7582,1
1293,18435,1
1293,1952,1
1297,5162,1
1297,28498,1
1297,7600,1
1297,7596,1
1300,10495,1
1300,10491,1
1300,16168,1
1300,10498,1
1304,646,1
1304,9499,1
1304,22007,1
1304,2192,1
1310,17000,1
1310,1994,1
1310,499,1
1310,27,1
1315,444,1
1315,599,1
1315,3435,1
1315,2754,1
1315,1964,1
1316,6254,1
1316,1974,1
1316,3840,1
1316,3818,1
1337,25021,1
1337,384,1
1337,16745,1
1337,2580,1
1339,23450,1
1339,8586,1
1339,27417,1
1339,90,1
1342,11694,1
1342,7318,1
1342,11640,1
1342,7313,1
1347,27274,1
1347,16150,1
1347,14246,1
1347,29397,1
1365,1882,1
1365,14755,1
1365,18621,1
1365,25977,1
1370,2711,1
1370,15749,1
1370,15756,1
1370,12684,1
1375,12735,1
1375,2432,1
1375,16633,1
1375,12709,1
1379,16751,1
1379,22780,1
1379,2156,1
1379,652,1
1393,10066,1
1393,7611,1
1393,4246,1
1393,16735,1
1406,26185,1
1406,17002,1
1406,24439,1
1406,6531,1
1413,4216,1
1413,22722,1
1413,7796,1
1413,508,1
1413,3988,1
1414,6936,1
1414,23617,1
1414,5905,1
1414,19064,1
1416,15783,1
1416,12948,1
1416,7602,1
1416,22739,1
1416,8277,1
1419,22741,1
1419,22443,1
1419,651,1
1419,16292,1
1433,15035,1
1433,15036,1
1433,3989,1
1433,5009,1
1434,5170,1
1434,72,1
1434,24364,1
1434,5514,1
1443,8022,1
1443,9013,1
1443,19796,1
1443,8019,1
1443,8020,1
1454,12526,1
1454,607,1
1454,3488,1
1454,13670,1
1456,23348,1
1456,26705,1
1456,22318,1
1456,1206,1
1457,5496,1
1457,13359,1
1457,5502,1
1457,14041,1
1470,37,1
1470,23,1
1470,1416,1
1470,6997,1
1472,347,1
1472,730,1
1472,2098,1
1472,1357,1
1474,21067,1
1474,14318,1
1474,13667,1
1474,5170,1
1483,347,1
1483,13823,1
1483,29554,1
1483,16613,1
1484,18044,1
1484,19554,1
1484,1463,1
1484,20916,1
1487,19357,1
1487,16289,1
1487,20957,1
1487,13335,1
1487,16286,1
1496,640,1
1496,4900,1
1496,17968,1
1496,26773,1
1496,7341,1
1496,11559,1
1498,596,1
1498,21890,1
1498,20145,1
1498,12527,1
1499,12946,1
1499,12954,1
1499,16500,1
1499,22584,1
1499,1230,1
1513,6858,1
1513,22498,1
1513,14362,1
1513,6600,1
1519,99,1
1519,2454,1
1519,4500,1
1519,3950,1
1523,22129,1
1523,7654,1
1523,20534,1
1523,27478,1
1533,17219,1
1533,20216,1
1533,21513,1
1533,20167,1
1543,37,1
1543,5171,1
1543,9507,1
1543,24838,1
1554,4375,1
1554,7523,1
1554,270,1
1554,4138,1
1554,1225,1
1571,9874,1
1571,6492,1
1571,1994,1
1571,5170,1
1605,15407,1
1605,18305,1
1605,23023,1
1605,12720,1
1605,14101,1
1613,24407,1
1613,15265,1
1613,3816,1
1613,13074,1
1619,19816,1
1619,14735,1
1619,18417,1
1619,3813,1
1619,16621,1
1635,22445,1
1635,14488,1
1635,14498,1
1635,3096,1
1659,15389,1
1659,384,1
1659,29007,1
1659,18703,1
1659,28924,1
1663,6221,1
1663,64,1
1663,1815,1
1663,17551,1
1672,64,1
1672,11811,1
1672,1777,1
1672,25532,1
1684,29461,1
1684,26460,1
1684,2726,1
1684,9962,1
1687,20070,1
1687,14161,1
1687,5682,1
1687,5683,1
1687,4779,1
1693,5162,1
1693,1090,1
1693,20694,1
1693,18355,1
1693,1434,1
1744,8476,1
1744,24871,1
1744,17790,1
1744,17038,1
1746,21339,1
1746,9533,1
1746,507,1
1746,1395,1
1746,1165,1
1751,3672,1
1751,25284,1
1751,5089,1
1751,26947,1
1751,43,1
1752,27067,1
1752,483,1
1752,18570,1
1752,15765,1
1772,20305,1
1772,2432,1
1772,1994,1
1772,2156,1
1787,12438,1
1787,149,1
1787,8883,1
1787,98,1
1801,1113,1
1801,2283,1
1801,923,1
1801,315,1
1826,959,1
1826,1131,1
1826,21539,1
1826,3929,1
1826,5327,1
1834,330,1
1834,344,1
1834,4732,1
1834,3037,1
1843,72,1
1843,2686,1
1843,6408,1
1843,6997,1
1844,7532,1
1844,2052,1
1844,1910,1
1844,1909,1
1858,1870,1
1858,7017,1
1858,4687,1
1858,455,1
1861,5070,1
1861,3799,1
1861,885,1
1878,1112,1
1878,957,1
1878,8743,1
1878,1180,1
1888,3746,1
1888,18482,1
1888,8929,1
1888,4002,1
1903,12674,1
1903,11560,1
1903,4245,1
1903,235,1
1904,5695,1
1904,22754,1
1904,26753,1
1904,5694,1
1904,5712,1
1906,1,1
1906,3797,1
1906,26,1
1906,8822,1
1906,341,1
1907,3858,1
1907,16429,1
1907,8410,1
1907,603,1
1907,22071,1
1909,10505,1
1909,22872,1
1909,13804,1
1909,4625,1
1917,5077,1
1917,11425,1
1917,873,1
1917,510,1
1917,893,1
1923,590,1
1923,4118,1
1923,1300,1
1923,9145,1
1932,7677,1
1932,3774,1
1932,16456,1
1932,9522,1
1949,15720,1
1949,24260,1
1949,16733,1
1949,20567,1
1952,5514,1
1952,280,1
1952,26677,1
1952,27,1
1957,6278,1
1957,8372,1
1957,2509,1
1957,25421,1
1967,21202,1
1967,10240,1
1967,27115,1
1967,6293,1
1986,640,1
1986,3105,1
1986,1479,1
1986,15609,1
1986,7980,1
1992,2678,1
1992,3913,1
1992,23325,1
1992,25794,1
1992,2285,1
2001,4346,1
2001,3958,1
2001,3200,1
2001,23373,1
2002,646,1
2002,430,1
2002,20123,1
2002,4026,1
2036,8813,1
2036,4044,1
2036,6280,1
2036,985,1
2036,2426,1
2041,20565,1
2041,2306,1
2041,8875,1
2041,26247,1
2042,2289,1
2042,25546,1
2042,26947,1
2042,7563,1
2047,22079,1
2047,3287,1
2047,10859,1
2047,1693,1
2062,23249,1
2062,23250,1
2062,9384,1
2062,4620,1
2062,16778,1
2070,12981,1
2070,8570,1
2070,16080,1
2070,7637,1
2070,1204,1
2071,23668,1
2071,26288,1
2071,10093,1
2071,2196,1
2071,22745,1
2089,4095,1
2089,4010,1
2089,4127,1
2089,6476,1
2089,17458,1
2113,20143,1
2113,443,1
2113,20046,1
2113,734,1
2117,5795,1
2117,2677,1
2117,11626,1
2117,5820,1
2119,6733,1
2119,13429,1
2119,72,1
2119,8830,1
2130,12523,1
2130,18208,1
2130,8275,1
2130,12522,1
2141,20249,1
2141,10203,1
2141,10190,1
2141,28625,1
2144,23821,1
2144,23219,1
2144,22250,1
2144,22249,1
2147,24877,1
2147,12801,1
2147,23813,1
2147,25109,1
2147,14662,1
2148,14316,1
2148,504,1
2148,808,1
2148,517,1
2152,4128,1
2152,8161,1
2152,13694,1
2152,645,1
2153,15664,1
2153,23967,1
2153,7933,1
2153,10224,1
2174,22511,1
2174,2604,1
2174,22496,1
2174,1267,1
2177,27409,1
2177,7340,1
2177,9981,1
2177,23360,1
2177,1435,1
2195,5662,1
2195,16744,1
2195,438,1
2195,3721,1
2201,6520,1
2201,14816,1
2201,6531,1
2201,22832,1
2212,6960,1
2212,14294,1
2212,6915,1
2212,17306,1
2212,14254,1
2216,21840,1
2216,1069,1
2216,3156,1
2216,8389,1
2216,3166,1
2225,4504,1
2225,310,1
2225,2755,1
2225,3332,1
2236,5170,1
2236,834,1
2236,10211,1
2236,20093,1
2236,23139,1
2245,5115,1
2245,324,1
2245,7075,1
2245,23616,1
2271,18305,1
2271,21497,1
2271,20834,1
2271,5694,1
2271,19680,1
2298,24991,1
2298,5870,1
2298,25265,1
2298,593,1
2315,110,1
2315,12747,1
2315,7623,1
2315,16758,1
2315,29644,1
2320,28764,1
2320,25920,1
2320,5937,1
2320,5934,1
2326,25686,1
2326,26958,1
2326,29970,1
2326,20683,1
2326,23858,1
2332,26085,1
2332,22770,1
2332,18740,1
2332,20475,1
2334,504,1
2334,502,1
2334,593,1
2334,1390,1
2335,20062,1
2335,607,1
2335,656,1
2335,2455,1
2336,8995,1
2336,1997,1
2336,1989,1
2336,1988,1
2336,1022,1
2342,11480,1
2342,3522,1
2342,3500,1
2342,13694,1
2342,13356,1
2343,27340,1
2343,25687,1
2343,459,1
2343,3654,1
2347,22460,1
2347,3570,1
2347,3601,1
2347,20795,1
2352,11801,1
2352,2268,1
2352,4375,1
2352,2011,1
2353,998,1
2353,18412,1
2353,1777,1
2353,12327,1
2362,2388,1
2362,1360,1
2362,876,1
2362,12337,1
2362,6,1
2365,25509,1
2365,4909,1
2365,10522,1
2365,24084,1
2366,32,1
2366,1021,1
2366,4493,1
2366,2242,1
2384,2853,1
2384,4744,1
2384,1200,1
2384,1487,1
2394,9122,1
2394,2673,1
2394,3989,1
2394,9317,1
2398,8399,1
2398,1052,1
2398,1059,1
2398,11959,1
2409,3746,1
2409,1267,1
2409,26703,1
2409,12038,1
2418,16930,1
2418,7148,1
2418,24238,1
2418,11274,1
2418,4960,1
2447,14966,1
2447,8312,1
2447,27328,1
2447,14222,1
2450,25877,1
2450,1453,1
2450,20696,1
2450,18031,1
2467,8164,1
2467,342,1
2467,1585,1
2467,7849,1
2467,7012,1
2472,3293,1
2472,6362,1
2472,26,1
2472,8373,1
2474,26477,1
2474,25705,1
2474,1670,1
2476,2514,1
2476,9699,1
2476,4787,1
2476,3271,1
2479,12438,1
2479,11718,1
2479,26828,1
2479,1360,1
2479,4390,1
2481,1620,1
2481,1670,1
2481,2348,1
2481,324,1
2483,8971,1
2483,1784,1
2483,10517,1
2483,26,1
2491,347,1
2491,2451,1
2491,2161,1
2491,9397,1
2492,23566,1
2492,4063,1
2492,6292,1
2492,414,1
2506,2632,1
2506,21878,1
2506,11929,1
2506,1206,1
2509,15820,1
2509,2615,1
2509,6584,1
2509,16333,1
2509,16300,1
2511,8518,1
2511,1429,1
2511,2998,1
2511,1206,1
2515,384,1
2515,3839,1
2515,6569,1
2515,8122,1
2518,15483,1
2518,15484,1
2518,15503,1
2518,15504,1
2518,15492,1
2520,16132,1
2520,16016,1
2520,18079,1
2520,16995,1
2522,22224,1
2522,5022,1
2522,26217,1
2522,8059,1
2539,10093,1
2539,15336,1
2539,8240,1
2539,1434,1
2542,22892,1
2542,25593,1
2542,4912,1
2542,7666,1
2544,7601,1
2544,1005,1
2544,7602,1
2544,26876,1
2545,1936,1
2545,2195,1
2545,26,1
2545,43,1
2549,26244,1
2549,9780,1
2549,16661,1
2549,4737,1
2549,543,1
2572,26237,1
2572,11768,1
2572,5939,1
2572,8341,1
2574,10502,1
2574,705,1
2574,9181,1
2574,9169,1
2579,1666,1
2579,9078,1
2579,10913,1
2579,14772,1
2579,9127,1
2585,12113,1
2585,12505,1
2585,8821,1
2585,16550,1
2585,220,1
2590,1491,1
2590,6330,1
2590,1591,1
2590,10149,1
2590,2022,1
2591,11806,1
2591,11654,1
2591,7320,1
2591,12707,1
2591,8232,1
2592,775,1
2592,24,1
2592,27,1
2592,4134,1
2597,2052,1
2597,320,1
2597,523,1
2597,66,1
2601,23793,1
2601,15263,1
2601,9802,1
2601,22095,1
2609,14797,1
2609,27,1
2609,4333,1
2609,2355,1
2610,13212,1
2610,21155,1
2610,588,1
2610,16173,1
2610,9144,1
2612,974,1
2612,4697,1
2612,341,1
2612,2347,1
2612,1270,1
2618,886,1
2618,4932,1
2618,2328,1
2618,940,1
2618,1390,1
2623,959,1
2623,1390,1
2623,5253,1
2628,1877,1
2628,6,1
2628,8407,1
2628,1487,1
2642,1552,1
2642,7204,1
2642,10208,1
2642,3942,1
2642,12575,1
2648,24536,1
2648,928,1
2648,26552,1
2648,2292,1
2655,509,1
2655,9061,1
2655,21535,1
2655,1898,1
2673,10633,1
2673,3796,1
2673,1461,1
2673,24181,1
2679,862,1
2679,9256,1
2679,3774,1
2679,980,1
2679,12421,1
2683,334,1
2683,60,1
2683,17856,1
2683,2332,1
2683,2292,1
2694,18320,1
2694,1936,1
2694,5250,1
2694,1172,1
2694,3942,1
2695,5402,1
2695,24327,1
2695,2404,1
2695,2523,1
2698,1491,1
2698,4319,1
2698,3397,1
2698,25360,1
2699,20342,1
2699,4039,1
2699,3949,1
2699,15912,1
2702,640,1
2702,5447,1
2702,1671,1
2702,7535,1
2706,25705,1
2706,475,1
2706,2098,1
2706,25234,1
2728,7,1
2728,9497,1
2728,930,1
2728,79,1
2728,1898,1
2734,6220,1
2734,32,1
2734,1938,1
2734,516,1
2734,2837,1
2736,347,1
2736,1915,1
2736,22109,1
2736,14051,1
2739,2158,1
2739,2441,1
2739,1638,1
2739,4246,1
2743,17493,1
2743,10778,1
2743,10727,1
2743,16698,1
2744,14580,1
2744,9534,1
2744,13967,1
2744,13908,1
2752,12750,1
2752,385,1
2752,3188,1
2752,8823,1
2752,12690,1
2760,26983,1
2760,9672,1
2760,7468,1
2760,7435,1
2778,12438,1
2778,1997,1
2778,63,1
2778,2508,1
2794,2184,1
2794,2107,1
2794,8396,1
2794,2244,1
2796,69,1
2796,663,1
2796,1496,1
2796,2342,1
2811,345,1
2811,5325,1
2811,339,1
2811,26700,1
2812,1589,1
2812,325,1
2812,2060,1
2812,12009,1
2833,24622,1
2833,26585,1
2833,2723,1
2833,20045,1
2836,590,1
2836,26859,1
2836,2341,1
2836,1732,1
2852,3876,1
2852,2291,1
2852,5085,1
2852,19656,1
2883,13714,1
2883,6907,1
2883,6869,1
2883,13344,1
2883,12422,1
2903,24824,1
2903,10838,1
2903,9961,1
2903,9962,1
2919,14509,1
2919,384,1
2919,11005,1
2919,7331,1
2922,5481,1
2922,1790,1
2922,1604,1
2922,8835,1
2925,4328,1
2925,1275,1
2925,26,1
2925,502,1
2946,26805,1
2946,19697,1
2946,12116,1
2946,18499,1
2946,7403,1
2964,4793,1
2964,640,1
2964,29349,1
2964,19859,1
2969,26757,1
2969,8936,1
2969,2196,1
2969,24502,1
2972,13326,1
2972,505,1
2972,1939,1
2972,414,1
2975,12134,1
2975,25051,1
2975,1585,1
2975,43,1
2985,4077,1
2985,102,1
2985,4106,1
2985,2035,1
2990,1997,1
2990,505,1
2990,6224,1
2990,8825,1
2999,2769,1
2999,4330,1
2999,2037,1
2999,274,1
2999,1756,1
3002,318,1
3002,1407,1
3002,20339,1
3002,2384,1
3002,60,1
3013,5632,1
3013,5622,1
3013,5636,1
3013,5629,1
3017,5342,1
3017,7308,1
3017,1915,1
3017,22106,1
3028,16656,1
3028,26382,1
3028,3194,1
3028,26302,1
3028,3613,1
3030,10808,1
3030,12290,1
3030,16468,1
3030,3988,1
3035,384,1
3035,640,1
3035,30041,1
3035,7530,1
3042,23404,1
3042,1689,1
3042,63,1
3042,9161,1
3044,17,1
3044,12577,1
3044,4716,1
3044,1390,1
3050,14183,1
3050,134,1
3050,4394,1
3050,26266,1
3050,18948,1
3054,14096,1
3054,24729,1
3054,9879,1
3054,14062,1
3054,28148,1
3060,17374,1
3060,16931,1
3060,16932,1
3060,20337,1
3069,23131,1
3069,15341,1
3069,7668,1
3069,455,1
3070,19472,1
3070,28557,1
3070,16059,1
3070,14997,1
3072,14604,1
3072,27167,1
3072,15224,1
3072,15012,1
3072,14997,1
3073,9659,1
3073,7374,1
3073,25723,1
3073,15715,1
3085,22976,1
3085,21344,1
3085,28480,1
3087,1452,1
3087,7341,1
3087,20558,1
3087,15609,1
3087,24588,1
3089,1012,1
3089,11249,1
3089,5514,1
3089,23589,1
3091,3123,1
3091,7991,1
3091,3128,1
3091,20376,1
3097,6984,1
3097,20515,1
3097,25209,1
3097,6929,1
3097,20571,1
3102,10067,1
3102,19846,1
3102,26254,1
3102,123,1
3104,551,1
3104,24,1
3104,8550,1
3104,8275,1
3104,8316,1
3107,17992,1
3107,18043,1
3107,24328,1
3107,1435,1
3111,6497,1
3111,20622,1
3111,10060,1
3111,14331,1
3116,1051,1
3116,1438,1
3116,8319,1
3116,363,1
3116,2249,1
3128,7051,1
3128,1360,1
3128,2563,1
3128,957,1
3134,1642,1
3134,26645,1
3134,347,1
3134,348,1
3141,45,1
3141,4204,1
3141,2,1
3141,3910,1
3145,12549,1
3145,5342,1
3145,21477,1
3145,14147,1
3146,6694,1
3146,1915,1
3146,4249,1
3146,18810,1
3148,3727,1
3148,15178,1
3148,22461,1
3148,23044,1
3152,26035,1
3152,8700,1
3152,26808,1
3152,26533,1
3152,10087,1
3160,23403,1
3160,17877,1
3160,8922,1
3160,17870,1
3162,15194,1
3162,15183,1
3162,20791,1
3162,3619,1
3171,8905,1
3171,1997,1
3171,13190,1
3171,9085,1
3172,13110,1
3172,25490,1
3172,9091,1
3172,1997,1
3173,5283,1
3173,4782,1
3173,22661,1
3173,1907,1
3174,10043,1
3174,470,1
3174,2195,1
3174,27,1
3176,454,1
3176,17422,1
3176,12686,1
3176,423,1
3178,5565,1
3178,2485,1
3178,7500,1
3178,1378,1
3186,928,1
3186,25302,1
3186,21642,1
3186,508,1
3187,26959,1
3187,11754,1
3187,18378,1
3187,18383,1
3193,1186,1
3193,206,1
3193,18398,1
3193,2759,1
3194,3200,1
3194,458,1
3194,16654,1
3194,10001,1
3194,13422,1
3202,8351,1
3202,2462,1
3202,2455,1
3202,1723,1
3202,4358,1
3203,26962,1
3203,19792,1
3203,43,1
3203,9545,1
3207,10513,1
3207,5893,1
3207,1002,1
3207,7627,1
3208,3864,1
3208,544,1
3208,6825,1
3208,504,1
3216,29,1
3216,6334,1
3216,270,1
3216,1616,1
3218,270,1
3218,25265,1
3218,451,1
3218,24795,1
3220,454,1
3220,6618,1
3220,19056,1
3220,24220,1
3221,679,1
3221,680,1
3221,9143,1
3221,11012,1
3221,10842,1
3224,16740,1
3224,2443,1
3224,1594,1
3224,66,1
3224,4018,1
3228,342,1
3228,7242,1
3228,11720,1
3228,5228,1
3228,7241,1
3230,4793,1
3230,5200,1
3230,72,1
3230,5218,1
3236,20477,1
3236,4385,1
3236,8375,1
3236,1190,1
3236,26591,1
3241,2193,1
3241,13673,1
3241,20621,1
3241,15982,1
3243,2216,1
3243,1968,1
3243,8998,1
3243,2536,1
3251,347,1
3251,19568,1
3251,1479,1
3251,5176,1
3254,6733,1
3254,9116,1
3254,7287,1
3254,8346,1
3257,5457,1
3257,16779,1
3257,22844,1
3257,1640,1
3259,5159,1
3259,22629,1
3259,22344,1
3259,7966,1
3262,9035,1
3262,17859,1
3262,5189,1
3262,594,1
3265,46,1
3265,5277,1
3265,49,1
3265,21003,1
3267,7944,1
3267,8745,1
3267,2622,1
3267,23963,1
3277,2590,1
3277,23358,1
3277,2196,1
3277,573,1
3282,13570,1
3282,1461,1
3282,21144,1
3282,6,1
3292,1046,1
3292,41,1
3292,59,1
3292,565,1
3302,2273,1
3302,2664,1
3302,2018,1
3302,9938,1
3306,9915,1
3306,72,1
3306,4988,1
3306,8536,1
3308,596,1
3308,2195,1
3308,857,1
3308,43,1
3313,3687,1
3313,23547,1
3313,3684,1
3313,16950,1
3321,100,1
3321,984,1
3321,26674,1
3321,6358,1
3323,1052,1
3323,9783,1
3323,6702,1
3323,10481,1
3329,21098,1
3329,24442,1
3329,20266,1
3329,5815,1
3331,26756,1
3331,10174,1
3331,15188,1
3331,22457,1
3334,30790,1
3334,16939,1
3334,30789,1
3334,12217,1
3335,57,1
3335,17,1
3335,1041,1
3345,3073,1
3345,14901,1
3345,3135,1
3350,1940,1
3350,345,1
3350,26,1
3350,1471,1
3350,877,1
3353,5074,1
3353,1906,1
3353,2729,1
3353,1717,1
3357,22911,1
3357,25620,1
3357,3073,1
3357,15925,1
3368,5430,1
3368,11539,1
3368,25539,1
3368,5401,1
3368,1617,1
3371,149,1
3371,8282,1
3371,5485,1
3371,11030,1
3381,12680,1
3381,5759,1
3381,232,1
3381,12160,1
3383,3332,1
3383,5790,1
3383,6246,1
3383,11812,1
3383,7320,1
3386,9554,1
3386,7286,1
3386,21078,1
3386,14792,1
3388,293,1
3388,4790,1
3388,11751,1
3388,9084,1
3389,4332,1
3389,2426,1
3389,2536,1
3389,2429,1
3408,368,1
3408,3344,1
3408,82,1
3408,78,1
3416,806,1
3416,3504,1
3416,4799,1
3416,4344,1
3419,3965,1
3419,11712,1
3419,475,1
3419,2730,1
3421,13380,1
3421,823,1
3421,11487,1
3421,1371,1
3422,27099,1
3422,10038,1
3422,2838,1
3422,10866,1
3430,22777,1
3430,25564,1
3430,14772,1
3430,14023,1
3447,1131,1
3447,9343,1
3447,6410,1
3447,9344,1
3447,34,1
3448,3794,1
3448,7073,1
3448,2051,1
3448,35,1
3460,1100,1
3460,24235,1
3460,1,1
3460,1110,1
3460,1169,1
3478,6573,1
3478,2268,1
3478,9061,1
3478,414,1
3491,9031,1
3491,9502,1
3491,320,1
3493,0,1
3493,897,1
3493,2052,1
3493,1924,1
3493,326,1
3500,9338,1
3500,22,1
3500,35,1
3500,878,1
3500,1861,1
3501,37,1
3501,1040,1
3501,2563,1
3501,8320,1
3501,9351,1
3507,3856,1
3507,1563,1
3507,3808,1
3507,2717,1
3511,1143,1
3511,24838,1
3511,26,1
3512,25978,1
3512,12913,1
3512,4903,1
3512,12907,1
3516,7279,1
3516,15469,1
3516,16560,1
3516,7305,1
3517,7306,1
3517,15607,1
3517,5218,1
3517,11173,1
3518,4769,1
3518,7493,1
3518,21653,1
3518,27,1
3525,11450,1
3525,13366,1
3525,8245,1
3525,8256,1
3526,1392,1
3526,317,1
3526,9533,1
3526,5228,1
3526,341,1
3530,18826,1
3530,23008,1
3530,22318,1
3530,23635,1
3530,10424,1
3536,342,1
3536,12216,1
3536,2673,1
3536,24755,1
3537,8518,1
3537,12234,1
3537,26943,1
3537,12276,1
3538,29369,1
3538,1564,1
3538,11609,1
3538,21137,1
3539,8153,1
3539,8185,1
3539,8737,1
3539,13378,1
3540,15142,1
3540,1620,1
3540,4744,1
3540,270,1
3540,12413,1
3547,1454,1
3547,5545,1
3547,12931,1
3547,1465,1
3549,140,1
3549,92,1
3549,20148,1
3549,9999,1
3552,1848,1
3552,15091,1
3552,34,1
3552,1156,1
3554,4158,1
3554,4211,1
3554,12817,1
3554,7937,1
3555,7964,1
3555,12777,1
3555,25137,1
3555,7952,1
3556,25662,1
3556,13228,1
3556,43,1
3556,19792,1
3563,22516,1
3563,22509,1
3563,9745,1
3563,23927,1
3564,8249,1
3564,3493,1
3564,860,1
3564,781,1
3567,14980,1
3567,3435,1
3567,13256,1
3567,621,1
3569,430,1
3569,25324,1
3569,27231,1
3569,25487,1
3572,8346,1
3572,4026,1
3572,26,1
3572,18266,1
3573,543,1
3573,921,1
3573,906,1
3573,10223,1
3578,2303,1
3578,2750,1
3578,17012,1
3578,2180,1
3580,6464,1
3580,5089,1
3580,1616,1
3580,27,1
3580,22073,1
3581,13669,1
3581,102,1
3581,1776,1
3581,353,1
3584,2606,1
3584,21580,1
3584,23268,1
3584,4181,1
3586,24879,1
3586,1280,1
3586,24427,1
3586,1207,1
3587,7168,1
3587,4167,1
3587,4168,1
3587,25137,1
3587,2797,1
3591,1341,1
3591,22819,1
3591,1297,1
3591,16083,1
3591,1345,1
3596,7658,1
3596,25781,1
3596,7753,1
3596,8779,1
3596,7952,1
3608,767,1
3608,22737,1
3608,581,1
3608,24383,1
3611,3379,1
3611,6218,1
3611,4297,1
3611,12176,1
3611,6333,1
3613,23163,1
3613,5835,1
3613,10540,1
3613,3980,1
3615,4793,1
3615,21595,1
3615,1259,1
3615,4148,1
3616,596,1
3616,2112,1
3616,5168,1
3616,1434,1
3616,2184,1
3617,11854,1
3617,17228,1
3617,7433,1
3617,1226,1
3619,5163,1
3619,6723,1
3619,4865,1
3619,10479,1
3622,1208,1
3622,1252,1
3622,16279,1
3622,22750,1
3625,17460,1
3625,17461,1
3625,904,1
3625,1066,1
3628,594,1
3628,8195,1
3628,22644,1
3628,4945,1
3631,13837,1
3631,16284,1
3631,23841,1
3631,22750,1
3633,12344,1
3633,30352,1
3633,2018,1
3633,14500,1
3633,14494,1
3634,16170,1
3634,6495,1
3634,13660,1
3634,667,1
3653,19338,1
3653,10222,1
3653,2884,1
3659,1964,1
3659,1078,1
3659,1098,1
3659,1443,1
3678,22097,1
3678,11009,1
3678,6569,1
3678,3840,1
3678,3838,1
3680,1915,1
3680,22184,1
3680,13344,1
3680,5170,1
3684,16620,1
3684,20788,1
3684,6885,1
3684,22095,1
3685,26250,1
3685,26512,1
3685,14401,1
3685,9860,1
3690,974,1
3690,9131,1
3690,2679,1
3690,26,1
3692,1059,1
3692,5514,1
3692,13269,1
3692,3340,1
3698,8476,1
3698,5214,1
3698,12922,1
3698,7619,1
3702,926,1
3702,505,1
3702,1533,1
3702,18,1
3702,9360,1
3707,9506,1
3707,5293,1
3707,1390,1
3707,1156,1
3708,24200,1
3708,1041,1
3708,7769,1
3708,3930,1
3710,11992,1
3710,14523,1
3710,26,1
3710,1174,1
3713,8413,1
3713,24551,1
3713,572,1
3713,6708,1
3723,23814,1
3723,6898,1
3723,2812,1
3723,5053,1
3726,21289,1
3726,384,1
3726,10871,1
3726,8123,1
3726,22795,1
3730,7333,1
3730,19809,1
3730,9858,1
3730,9187,1
3733,5170,1
3733,24984,1
3733,957,1
3733,26,1
3733,13416,1
3749,10382,1
3749,5932,1
3749,10270,1
3749,21804,1
3754,6024,1
3754,21797,1
3754,21913,1
3754,6036,1
3758,27842,1
3758,29575,1
3759,6026,1
3759,30137,1
3759,18664,1
3759,29979,1
3763,18758,1
3763,5997,1
3763,5934,1
3766,24699,1
3766,27726,1
3766,6064,1
3766,30871,1
3767,10290,1
3767,19322,1
3767,20456,1
3767,6014,1
3769,28337,1
3769,5950,1
3769,27577,1
3779,2297,1
3779,6661,1
3779,6654,1
3779,2298,1
3788,28169,1
3788,30358,1
3788,28735,1
3788,19177,1
3788,14054,1
3791,24805,1
3791,25969,1
3791,11043,1
3791,10139,1
3799,19899,1
3799,19897,1
3799,29716,1
3799,20152,1
3808,23073,1
3808,27813,1
3808,29737,1
3808,21729,1
3815,8314,1
3815,10612,1
3815,1174,1
3815,923,1
3828,511,1
3828,320,1
3828,1417,1
3828,1901,1
3832,20346,1
3832,12438,1
3832,10035,1
3838,10052,1
3838,9113,1
3838,1907,1
3838,2986,1
3844,1501,1
3844,26856,1
3844,3324,1
3844,21054,1
3844,22848,1
3845,1082,1
3845,16,1
3845,1156,1
3845,7241,1
3853,1877,1
3853,5186,1
3853,8440,1
3853,1120,1
3865,10163,1
3865,4835,1
3865,26,1
3865,6996,1
3866,5184,1
3866,1530,1
3866,339,1
3866,600,1
3873,9347,1
3873,2886,1
3873,10130,1
3873,2910,1
3873,9241,1
3874,7233,1
3874,1870,1
3874,14774,1
3880,2421,1
3880,1898,1
3880,1396,1
3880,4710,1
3887,72,1
3887,30277,1
3887,15361,1
3887,43,1
3887,1302,1
3887,14635,1
3893,21714,1
3893,2195,1
3893,5337,1
3893,24618,1
3893,1907,1
3895,1239,1
3895,12613,1
3895,23167,1
3895,12914,1
3897,1552,1
3897,4679,1
3897,1836,1
3897,1538,1
3897,493,1
3898,24647,1
3898,2397,1
3898,2763,1
3898,12605,1
3898,7922,1
3899,12488,1
3899,4030,1
3899,1813,1
3899,4443,1
3899,6776,1
3908,8264,1
3908,16873,1
3908,22852,1
3908,8261,1
3908,8263,1
3919,23115,1
3919,21378,1
3919,23180,1
3919,14868,1
3919,18049,1
3924,590,1
3924,5514,1
3924,666,1
3924,11515,1
3958,7658,1
3958,887,1
3958,24,1
3958,3739,1
3958,603,1
3973,1500,1
3973,1538,1
3973,1558,1
3973,933,1
3974,11733,1
3974,3765,1
3974,3403,1
3974,1111,1
3974,6757,1
3980,26289,1
3980,5026,1
3980,5029,1
3980,19386,1
3980,7666,1
3985,886,1
3985,602,1
3985,940,1
3985,341,1
3987,7506,1
3987,7500,1
3987,6180,1
3987,981,1
3987,1762,1
3994,385,1
3994,7508,1
3994,5607,1
3994,15198,1
3998,22308,1
3998,12224,1
3998,11890,1
3998,13299,1
4008,26636,1
4008,6503,1
4008,18,1
4008,8078,1
4039,9383,1
4039,1994,1
4039,18877,1
4039,18878,1
4058,79,1
4058,970,1
4058,963,1
4058,35,1
4060,1929,1
4060,893,1
4060,1542,1
4060,1876,1
4067,10260,1
4067,24088,1
4067,23825,1
4067,25091,1
4071,17753,1
4071,23821,1
4071,23822,1
4071,23824,1
4071,23825,1
4071,23826,1
4077,5662,1
4077,15428,1
4077,2432,1
4077,5688,1
4092,16790,1
4092,5186,1
4092,24,1
4092,515,1
4092,324,1
4102,9506,1
4102,1,1
4102,24816,1
4102,324,1
4102,12568,1
4107,4781,1
4107,10742,1
4107,10726,1
4107,11197,1
4107,10820,1
4135,19954,1
4135,10290,1
4156,21226,1
4156,19201,1
4156,6142,1
4157,27898,1
4157,5979,1
4157,5972,1
4157,29233,1
4165,29093,1
4165,27614,1
4176,8257,1
4176,5757,1
4176,5742,1
4176,14328,1
4179,23757,1
4179,21666,1
4179,25733,1
4179,25655,1
4197,25513,1
4197,7198,1
4197,9394,1
4197,26,1
4197,4718,1
4211,11724,1
4211,25615,1
4211,15341,1
4211,25074,1
4212,446,1
4212,29537,1
4212,16188,1
4212,13160,1
4212,621,1
4216,2453,1
4216,7480,1
4216,18969,1
4216,5408,1
4216,13322,1
4216,2575,1
4217,19816,1
4217,384,1
4217,16746,1
4217,22573,1
4224,7804,1
4224,11737,1
4224,22066,1
4224,25078,1
4224,25148,1
4240,7652,1
4240,20532,1
4240,18852,1
4240,15353,1
4249,18838,1
4249,10221,1
4249,22066,1
4249,7666,1
4254,2051,1
4254,8956,1
4254,7073,1
4254,10562,1
4254,1541,1
4256,9141,1
4256,4244,1
4256,4322,1
4256,290,1
4260,22784,1
4260,21889,1
4260,13112,1
4260,7321,1
4260,12690,1
4267,17005,1
4267,19429,1
4267,24059,1
4267,265,1
4267,19434,1
4270,1537,1
4270,6998,1
4270,22514,1
4270,7833,1
4283,22473,1
4283,13143,1
4283,4793,1
4283,21873,1
4283,11155,1
4284,595,1
4284,5311,1
4284,1398,1
4284,1909,1
4298,15345,1
4298,15360,1
4298,15370,1
4298,25082,1
4307,4738,1
4307,18869,1
4307,5010,1
4307,1381,1
4310,5750,1
4310,22606,1
4310,4747,1
4310,5707,1
4314,20555,1
4314,457,1
4314,7596,1
4314,15696,1
4316,7642,1
4316,14429,1
4316,25044,1
4316,21129,1
4316,10211,1
4323,18104,1
4323,7472,1
4323,12109,1
4323,18115,1
4323,3988,1
4332,7008,1
4332,1511,1
4332,3907,1
4332,1516,1
4334,22038,1
4334,16273,1
4334,27282,1
4334,4208,1
4340,21084,1
4340,19681,1
4340,13407,1
4340,11711,1
4346,11724,1
4346,16755,1
4346,18860,1
4346,7653,1
4350,23754,1
4350,25146,1
4350,23570,1
4350,17768,1
4352,14357,1
4352,6860,1
4352,7252,1
4352,2811,1
4352,6696,1
4358,8368,1
4358,22294,1
4358,9239,1
4358,29387,1
4358,8353,1
4365,33,1
4365,6255,1
4365,12411,1
4365,3308,1
4370,12186,1
4370,6399,1
4370,12763,1
4370,3409,1
4376,2554,1
4376,13547,1
4376,2689,1
4376,1087,1
4383,926,1
4383,504,1
4383,2694,1
4383,11023,1
4383,3739,1
4384,24082,1
4384,14321,1
4384,479,1
4384,18740,1
4388,5417,1
4388,4084,1
4388,2813,1
4388,1185,1
4395,3261,1
4395,11307,1
4395,12506,1
4395,16815,1
4395,508,1
4396,1465,1
4396,16526,1
4396,1464,1
4396,13918,1
4396,12931,1
4400,8848,1
4400,1967,1
4400,1683,1
4400,282,1
4400,2225,1
4413,1194,1
4413,18064,1
4413,14242,1
4413,2759,1
4414,384,1
4414,1915,1
4414,17604,1
4414,9393,1
4415,517,1
4415,5085,1
4415,1898,1
4415,516,1
4417,544,1
4417,23187,1
4417,24,1
4417,530,1
4418,7306,1
4418,1994,1
4418,1915,1
4418,24587,1
4421,4036,1
4421,2432,1
4421,96,1
4421,2209,1
4426,767,1
4426,7613,1
4426,14978,1
4426,19645,1
4426,9405,1
4430,24039,1
4430,23318,1
4430,22761,1
4430,27342,1
4433,24306,1
4433,21798,1
4433,29477,1
4435,640,1
4435,26873,1
4435,5125,1
4435,23199,1
4435,26,1
4436,384,1
4436,16632,1
4436,25397,1
4436,6560,1
4444,70,1
4444,1533,1
4444,1656,1
4444,2446,1
4445,9137,1
4445,2376,1
4445,2242,1
4445,1762,1
4448,26760,1
4448,21458,1
4448,10512,1
4448,6649,1
4448,12332,1
4449,1792,1
4449,9130,1
4449,12587,1
4449,6226,1
4449,3315,1
4450,27349,1
4450,1053,1
4450,3365,1
4450,6702,1
4455,25965,1
4455,25749,1
4455,29420,1
4455,18294,1
4461,5630,1
4461,5631,1
4461,25639,1
4461,25646,1
4464,18295,1
4464,25698,1
4464,16588,1
4464,9759,1
4464,9411,1
4469,775,1
4469,26876,1
4469,2133,1
4469,26291,1
4470,3496,1
4470,794,1
4470,19786,1
4470,11484,1
4479,11307,1
4479,1,1
4479,2292,1
4479,341,1
4488,798,1
4488,24862,1
4488,10174,1
4488,24085,1
4488,19860,1
4492,7233,1
4492,16427,1
4492,1588,1
4492,1082,1
4495,23432,1
4495,3877,1
4495,72,1
4495,26,1
4495,5083,1
4496,18066,1
4496,1440,1
4496,43,1
4496,1458,1
4497,15777,1
4497,438,1
4497,27,1
4497,20814,1
4509,1173,1
4509,17816,1
4509,3911,1
4511,13991,1
4511,1558,1
4511,1541,1
4511,868,1
4511,1530,1
4513,3931,1
4513,1553,1
4513,7059,1
4513,7055,1
4516,2086,1
4516,16052,1
4516,7857,1
4516,13401,1
4516,8000,1
4518,105,1
4518,10068,1
4518,120,1
4518,17011,1
4519,25133,1
4519,26711,1
4519,3893,1
4519,22273,1
4522,10932,1
4522,25,1
4522,5605,1
4522,2061,1
4526,11501,1
4526,848,1
4526,11481,1
4526,15559,1
4527,596,1
4527,348,1
4527,25702,1
4527,1891,1
4527,6613,1
4530,5868,1
4530,28616,1
4530,5906,1
4530,5882,1
4534,27372,1
4534,17270,1
4534,27171,1
4534,17282,1
4542,6919,1
4542,19070,1
4542,14303,1
4542,17282,1
4547,27372,1
4547,6915,1
4547,20510,1
4547,6941,1
4558,6969,1
4558,17295,1
4558,18017,1
4558,19098,1
4558,27367,1
4561,14252,1
4561,17254,1
4561,6942,1
4561,27363,1
4572,17743,1
4572,3836,1
4572,3812,1
4572,3813,1
4576,29540,1
4576,24073,1
4576,24952,1
4576,22056,1
4576,22057,1
4577,13401,1
4577,14433,1
4577,43,1
4577,2085,1
4587,3421,1
4587,26292,1
4587,20475,1
4587,3491,1
4590,347,1
4590,3285,1
4590,1604,1
4590,8334,1
4600,25628,1
4600,6025,1
4600,21862,1
4600,594,1
4603,2357,1
4603,3218,1
4603,25865,1
4603,4748,1
4605,5685,1
4605,15407,1
4605,5746,1
4605,21564,1
4605,5709,1
4606,37,1
4606,20297,1
4606,9497,1
4606,16365,1
4611,3508,1
4611,8244,1
4611,3435,1
4611,24982,1
4618,16540,1
4618,22928,1
4618,14147,1
4618,17009,1
4618,14587,1
4621,670,1
4621,19827,1
4621,16172,1
4621,3813,1
4626,646,1
4626,2159,1
4626,26730,1
4626,27,1
4628,9464,1
4628,18289,1
4628,9772,1
4628,17383,1
4633,13823,1
4633,25797,1
4633,16053,1
4633,13833,1
4642,6710,1
4642,3666,1
4642,6709,1
4642,21675,1
4644,22571,1
4644,7590,1
4644,640,1
4644,15165,1
4646,5704,1
4646,21635,1
4646,16754,1
4646,21619,1
4649,17743,1
4649,9189,1
4649,17740,1
4649,8069,1
4649,23176,1
4651,7559,1
4651,18497,1
4651,13169,1
4651,9191,1
4651,13717,1
4661,5035,1
4661,15519,1
4661,8635,1
4661,9851,1
4665,7462,1
4665,9684,1
4665,19116,1
4665,24971,1
4681,22021,1
4681,10352,1
4681,5952,1
4681,6036,1
4684,640,1
4684,12644,1
4684,12408,1
4684,8996,1
4687,777,1
4687,18548,1
4687,18160,1
4687,14110,1
4690,10436,1
4690,25476,1
4690,23368,1
4690,23862,1
4693,7559,1
4693,7590,1
4693,7341,1
4693,7555,1
4696,17453,1
4696,2018,1
4696,9172,1
4696,594,1
4698,8060,1
4698,384,1
4698,5048,1
4698,10871,1
4708,3999,1
4708,8922,1
4708,11504,1
4708,8991,1
4717,26337,1
4717,29053,1
4717,29323,1
4719,24864,1
4719,21694,1
4719,9358,1
4719,16495,1
4725,1101,1
4725,10961,1
4725,11761,1
4725,1552,1
4733,646,1
4733,8794,1
4733,20085,1
4733,22697,1
4733,8737,1
4734,6836,1
4734,3983,1
4734,1416,1
4734,949,1
4735,22070,1
4735,7239,1
4735,72,1
4735,2910,1
4736,8534,1
4736,4717,1
4736,25,1
4736,9551,1
4740,13549,1
4740,17856,1
4740,26,1
4740,21544,1
4743,3936,1
4743,1580,1
4743,971,1
4743,1149,1
4743,8408,1
4744,24954,1
4744,5089,1
4744,7667,1
4744,6395,1
4744,26,1
4749,5311,1
4749,1268,1
4749,1269,1
4749,1472,1
4751,20785,1
4751,444,1
4751,626,1
4751,2865,1
4753,3806,1
4753,39,1
4753,25,1
4753,965,1
4754,7757,1
4754,1878,1
4754,1533,1
4754,8607,1
4754,1869,1
4778,19477,1
4778,25475,1
4778,17479,1
4778,1505,1
4783,347,1
4783,6486,1
4783,43,1
4783,1777,1
4788,20359,1
4788,24797,1
4788,11143,1
4788,21221,1
4792,10500,1
4792,24824,1
4792,20853,1
4792,26682,1
4797,2865,1
4797,640,1
4797,385,1
4797,25227,1
4797,23600,1
4798,13484,1
4798,7375,1
4798,7349,1
4798,10102,1
4800,2821,1
4800,586,1
4800,23016,1
4800,17989,1
4801,7396,1
4801,7446,1
4801,6753,1
4801,10102,1
4802,7405,1
4802,9677,1
4802,9591,1
4802,9657,1
4802,23734,1
4803,7380,1
4803,13449,1
4803,7459,1
4803,10657,1
4819,26955,1
4819,13329,1
4819,23230,1
4819,13480,1
4820,15208,1
4820,15206,1
4820,389,1
4820,2845,1
4827,7439,1
4827,9669,1
4827,16180,1
4827,10110,1
4833,17225,1
4833,26983,1
4833,7473,1
4833,7433,1
4833,13732,1
4840,28495,1
4840,17959,1
4840,23381,1
4840,1450,1
4845,12377,1
4845,7349,1
4845,9627,1
4845,7379,1
4847,15715,1
4847,10664,1
4847,7428,1
4847,13732,1
4853,26990,1
4853,9578,1
4853,10673,1
4853,7417,1
4854,16806,1
4854,20178,1
4854,43,1
4854,17224,1
4858,11484,1
4858,20386,1
4858,3297,1
4858,2133,1
4858,12681,1
4867,5308,1
4867,8363,1
4867,24949,1
4867,5471,1
4867,8027,1
4871,9929,1
4871,502,1
4871,15321,1
4871,1909,1
4871,11317,1
4875,3435,1
4875,3470,1
4875,769,1
4875,13356,1
4875,3465,1
4879,3411,1
4879,330,1
4879,8579,1
4879,6404,1
4880,23402,1
4880,15021,1
4880,26883,1
4880,20255,1
4884,13886,1
4884,19046,1
4884,18998,1
4884,18893,1
4884,19033,1
4888,20811,1
4888,13889,1
4888,18996,1
4888,18914,1
4891,30697,1
4891,27532,1
4891,30091,1
4891,29394,1
4896,18703,1
4896,23072,1
4896,30351,1
4896,27616,1
4899,8111,1
4899,25397,1
4899,15491,1
4899,9393,1
4900,7726,1
4900,631,1
4900,7721,1
4900,2133,1
4901,21240,1
4901,21037,1
4901,26067,1
4901,19901,1
4903,22013,1
4903,19164,1
4903,25661,1
4903,16744,1
4905,5969,1
4905,30449,1
4905,20808,1
4908,13429,1
4908,14991,1
4908,10093,1
4908,15022,1
4910,19057,1
4910,9043,1
4910,18498,1
4910,5541,1
4910,26301,1
4912,5218,1
4912,16493,1
4912,25617,1
4912,22117,1
4916,27243,1
4916,22350,1
4916,21021,1
4916,22355,1
4924,18697,1
4924,27743,1
4924,5937,1
4924,5934,1
4933,13053,1
4933,14877,1
4933,22913,1
4933,13050,1
4933,13051,1
4944,3709,1
4944,13691,1
4944,841,1
4944,12663,1
4949,28971,1
4949,14146,1
4949,18200,1
4958,29040,1
4958,30220,1
4958,28975,1
4958,10325,1
4959,29872,1
4959,19521,1
4972,27506,1
4972,18671,1
4972,18758,1
4972,27008,1
4974,8608,1
4974,11624,1
4974,4747,1
4974,22381,1
4977,7923,1
4977,11493,1
4977,3952,1
4977,2377,1
4977,6182,1
4985,2162,1
4985,18091,1
4985,2098,1
4985,15573,1
4993,2749,1
4993,446,1
4993,438,1
4993,7715,1
4993,23517,1
4997,4684,1
4997,1585,1
4997,2680,1
4997,2061,1
5006,646,1
5006,15210,1
5006,22180,1
5006,22267,1
5014,30526,1
5014,29673,1
5014,19528,1
5020,18411,1
5020,1977,1
5020,8821,1
5020,15993,1
5029,11255,1
5029,22005,1
5029,12170,1
5029,11265,1
5030,24385,1
5030,3504,1
5030,28528,1
5030,20308,1
5030,3728,1
5031,19560,1
5031,23583,1
5031,18106,1
5031,388,1
5032,1028,1
5032,7239,1
5032,7240,1
5032,7241,1
5038,2598,1
5038,3407,1
5038,15047,1
5038,5088,1
5043,17353,1
5043,21941,1
5043,6141,1
5043,17110,1
5048,15932,1
5048,3073,1
5048,21617,1
5048,18603,1
5048,18294,1
5053,475,1
5053,598,1
5053,15562,1
5053,480,1
5053,444,1
5061,2927,1
5061,27442,1
5061,2876,1
5061,2613,1
5062,3250,1
5062,2051,1
5062,1442,1
5062,1120,1
5068,3250,1
5068,22654,1
5068,2911,1
5068,23135,1
5070,17082,1
5070,30737,1
5070,1520,1
5070,6011,1
5077,29693,1
5077,26937,1
5077,26928,1
5077,29994,1
5077,27093,1
5079,2900,1
5079,927,1
5079,14411,1
5079,20478,1
5086,2432,1
5086,15464,1
5086,10040,1
5086,10042,1
5092,15929,1
5092,445,1
5092,14623,1
5092,14927,1
5095,12276,1
5095,24826,1
5095,14299,1
5095,13299,1
5103,10943,1
5103,2130,1
5103,572,1
5103,22032,1
5108,5932,1
5108,16204,1
5108,6150,1
5108,5934,1
5115,9878,1
5115,15874,1
5115,15870,1
5117,30822,1
5117,30339,1
5117,18664,1
5117,28110,1
5120,28709,1
5120,28379,1
5120,20001,1
5120,5934,1
5122,17376,1
5122,5606,1
5122,19412,1
5127,8518,1
5127,3287,1
5127,14369,1
5127,3989,1
5127,11309,1
5132,429,1
5132,11216,1
5132,9478,1
5132,29921,1
5132,645,1
5133,14991,1
5133,16762,1
5133,10093,1
5133,5170,1
5134,24691,1
5134,24715,1
5134,29925,1
5134,21237,1
5136,5112,1
5136,11507,1
5136,22503,1
5136,456,1
5138,22360,1
5138,18047,1
5138,1946,1
5138,11096,1
5142,25697,1
5142,25961,1
5142,28582,1
5142,18294,1
5143,15986,1
5143,15987,1
5143,20595,1
5143,11530,1
5143,12676,1
5144,16055,1
5144,26622,1
5144,16060,1
5146,26372,1
5146,25995,1
5146,26373,1
5146,29324,1
5150,30655,1
5150,6011,1
5150,28797,1
5150,5929,1
5152,7545,1
5152,281,1
5152,282,1
5152,15615,1
5153,45,1
5153,2896,1
5153,14774,1
5153,2328,1
5153,10151,1
5156,23752,1
5156,18881,1
5156,22884,1
5157,384,1
5157,17736,1
5157,10871,1
5157,19062,1
5157,13079,1
5159,18831,1
5159,15341,1
5159,10430,1
5159,21131,1
5159,23220,1
5167,347,1
5167,2195,1
5167,3487,1
5167,446,1
5167,800,1
5168,28614,1
5168,20653,1
5168,3995,1
5168,11791,1
5168,24582,1
5173,15856,1
5173,26748,1
5173,28045,1
5174,6059,1
5174,25997,1
5174,21928,1
5176,29502,1
5176,29507,1
5176,27973,1
5176,29500,1
5176,30357,1
5177,12841,1
5177,12859,1
5177,25053,1
5177,10613,1
5181,19442,1
5181,19452,1
5181,26876,1
5181,26628,1
5182,19330,1
5182,606,1
5182,828,1
5182,857,1
5182,605,1
5183,4190,1
5183,1513,1
5183,4164,1
5183,1536,1
5186,9494,1
5186,5658,1
5186,5774,1
5186,6504,1
5188,28373,1
5188,28699,1
5188,18747,1
5188,29901,1
5196,17870,1
5196,4256,1
5196,5125,1
5196,4258,1
5197,2662,1
5197,640,1
5197,19356,1
5197,9730,1
5197,15349,1
5202,24546,1
5202,10500,1
5202,9144,1
5202,9079,1
5203,1176,1
5203,1461,1
5203,14774,1
5203,603,1
5208,4415,1
5208,1740,1
5208,1741,1
5208,4381,1
5215,6611,1
5215,2190,1
5215,23858,1
5215,5170,1
5218,24714,1
5218,21049,1
5218,23083,1
5218,24713,1
5227,26937,1
5227,26928,1
5227,20156,1
5227,27093,1
5231,15856,1
5231,30711,1
5231,14093,1
5231,14065,1
5236,4793,1
5236,13174,1
5236,5200,1
5236,13123,1
5242,25675,1
5242,3250,1
5242,22632,1
5242,13135,1
5250,13210,1
5250,9181,1
5250,27250,1
5250,15213,1
5250,9123,1
5259,17869,1
5259,11116,1
5259,10748,1
5259,5170,1
5259,3952,1
5259,13416,1
5261,5136,1
5261,17267,1
5261,13093,1
5261,5870,1
5262,3227,1
5262,71,1
5262,27101,1
5262,13229,1
5270,3326,1
5270,640,1
5270,22963,1
5270,9,1
5270,2126,1
5271,2208,1
5271,2838,1
5271,2219,1
5271,25471,1
5275,30054,1
5275,21750,1
5275,30061,1
5278,30601,1
5278,16053,1
5278,16061,1
5278,14997,1
5281,18920,1
5281,11947,1
5281,18992,1
5281,18893,1
5282,21090,1
5282,599,1
5282,7715,1
5282,26292,1
5282,18102,1
5285,30187,1
5285,30188,1
5285,29500,1
5287,28162,1
5287,27746,1
5293,27752,1
5293,30568,1
5293,21177,1
5295,14449,1
5295,28416,1
5295,30385,1
5295,30100,1
5296,19968,1
5296,14096,1
5296,28973,1
5296,20631,1
5306,16827,1
5306,22034,1
5306,16663,1
5306,14927,1
5308,20999,1
5308,23438,1
5308,246,1
5308,21075,1
5313,8071,1
5313,9421,1
5313,9418,1
5313,8296,1
5313,9483,1
5314,26315,1
5314,16261,1
5314,16997,1
5314,19306,1
5321,14330,1
5321,14758,1
5321,16734,1
5321,24644,1
5323,18485,1
5323,12614,1
5323,22367,1
5323,7578,1
5323,29384,1
5324,28740,1
5324,18703,1
5324,5941,1
5324,19578,1
5324,5934,1
5326,7306,1
5326,256,1
5326,10907,1
5326,1907,1
5332,5932,1
5332,30750,1
5332,29867,1
5332,6160,1
5337,20465,1
5337,29904,1
5337,20463,1
5337,27079,1
5339,14056,1
5339,5942,1
5340,14588,1
5340,7348,1
5340,15583,1
5340,1907,1
5344,30876,1
5344,17139,1
5344,28448,1
5344,6118,1
5346,3930,1
5346,1836,1
5346,1478,1
5346,908,1
5346,1931,1
5357,11442,1
5357,444,1
5357,453,1
5357,3435,1
5357,2185,1
5359,10732,1
5359,10786,1
5359,10733,1
5359,21433,1
5360,944,1
5360,2097,1
5360,11309,1
5360,3800,1
5368,14809,1
5368,25312,1
5368,24635,1
5368,25308,1
5370,21941,1
5370,29463,1
5370,28212,1
5382,13911,1
5382,6618,1
5382,22669,1
5382,16965,1
5386,30007,1
5386,570,1
5386,30072,1
5396,454,1
5396,29653,1
5396,13160,1
5396,7622,1
5397,8912,1
5397,23882,1
5397,15070,1
5397,18491,1
5398,11880,1
5398,584,1
5398,4702,1
5398,4725,1
5400,9262,1
5400,24200,1
5400,5855,1
5400,9241,1
5401,17867,1
5401,15342,1
5401,2664,1
5401,281,1
5401,27,1
5402,25901,1
5402,570,1
5402,18664,1
5402,5977,1
5404,17938,1
5404,18512,1
5404,17937,1
5404,19043,1
5405,16261,1
5405,8726,1
5405,9879,1
5415,11677,1
5415,11710,1
5415,17363,1
5415,237,1
5417,3253,1
5417,23341,1
5417,1670,1
5417,1943,1
5418,27269,1
5418,27265,1
5418,30840,1
5422,7413,1
5422,19116,1
5422,20218,1
5422,29632,1
5426,17452,1
5426,17464,1
5426,19764,1
5426,153,1
5426,10571,1
5438,9878,1
5438,20807,1
5438,27658,1
5444,10320,1
5444,15895,1
5444,18660,1
5444,5934,1
5446,18320,1
5446,6407,1
5446,1169,1
5446,1111,1
5446,17443,1
5471,15262,1
5471,19826,1
5471,15491,1
5471,24413,1
5479,16170,1
5479,9085,1
5479,13205,1
5479,669,1
5481,30354,1
5481,21237,1
5481,29770,1
5482,8142,1
5482,13075,1
5482,24976,1
5482,26189,1
5490,602,1
5490,2694,1
5490,4836,1
5490,24999,1
5490,10252,1
5497,20976,1
5497,27496,1
5497,27643,1
5497,27721,1
5501,348,1
5501,437,1
5501,446,1
5501,828,1
5501,3733,1
5502,14880,1
5502,14906,1
5502,9775,1
5502,8086,1
5507,18252,1
5507,168,1
5507,27115,1
5507,452,1
5510,23072,1
5510,6175,1
5510,18660,1
5510,5934,1
5512,25275,1
5512,16286,1
5512,11048,1
5512,22036,1
5516,8439,1
5516,3944,1
5516,8559,1
5516,3908,1
5516,8476,1
5517,29661,1
5517,15876,1
5518,5932,1
5518,26147,1
5518,14082,1
5518,19998,1
5518,6026,1
5525,28213,1
5525,18304,1
5525,5932,1
5525,30626,1
5526,22989,1
5526,21030,1
5526,30226,1
5529,14004,1
5529,7943,1
5529,72,1
5529,22164,1
5529,12727,1
5532,5932,1
5532,18176,1
5532,27521,1
5532,6042,1
5532,28829,1
5546,18655,1
5546,30211,1
5546,27585,1
5546,18651,1
5546,30186,1
5555,22981,1
5555,9058,1
5555,21617,1
5555,30598,1
5562,2660,1
5562,10467,1
5562,9725,1
5562,6580,1
5566,19532,1
5566,28026,1
5566,30690,1
5578,16804,1
5578,16805,1
5578,5211,1
5578,16798,1
5578,7463,1
5581,2158,1
5581,4794,1
5581,15016,1
5581,27293,1
5584,8585,1
5584,24054,1
5584,26298,1
5584,446,1
5584,3549,1
5586,12644,1
5586,2195,1
5586,3952,1
5586,8996,1
5593,22395,1
5593,18712,1
5593,18713,1
5593,18715,1
5593,5540,1
5597,15854,1
5597,30690,1
5598,21034,1
5598,19895,1
5599,347,1
5599,18703,1
5599,13831,1
5599,5934,1
5599,18762,1
5602,29293,1
5602,30529,1
5602,30550,1
5602,29577,1
5603,3263,1
5603,4942,1
5603,4824,1
5603,6231,1
5610,13683,1
5610,347,1
5610,3259,1
5610,27,1
5612,9004,1
5612,2087,1
5612,7876,1
5612,21480,1
5617,19650,1
5617,3952,1
5617,1354,1
5617,13256,1
5617,23430,1
5623,503,1
5623,20733,1
5623,4205,1
5623,11138,1
5626,16951,1
5626,4112,1
5626,12408,1
5626,18351,1
5626,17851,1
